{
    "package": {
        "name": "liblsl-Matlab",
        "repo": "LSL",
        "subject": "labstreaminglayer",
        "desc": "Travis CI build",
        "website_url": "https://github.com/labstreaminglayer/liblsl-matlab",
        "issue_tracker_url": "https://github.com/labstreaminglayer/liblsl-matlab/issues",
        "vcs_url": "https://github.com/labstreaminglayer/liblsl-matlab.git",
        "github_use_tag_release_notes": true,
        "licenses": ["MIT"],
        "public_download_numbers": false,
        "public_stats": false
    },

    "version": {
        "name": "1.12",
        "desc": "Matlab bindings for liblsl",
        "released": "2018-05-02",
        "vcs_tag": "",
        "gpgSign": false
    },
    "files": [ {
		"includePattern": "./((.)[^/]*\.tar\.bz2)",
		"uploadPattern": "$1",
		"matrixParams": { "override": 1 }
	}],
    "publish": true
}
